<beans xmlns="http://www.springframework.org/schema/beans"
	xmlns:xsi="http://www.w3.org/2001/XMLSchema-instance"
	xsi:schemaLocation="http://www.springframework.org/schema/beans
   http://www.springframework.org/schema/beans/spring-beans-3.0.xsd">


	<bean id="country" class="com.cognizant.springlearn.Country"
		scope="prototype">

		<property name="code" value="IN" />

		<property name="name" value="India" />

	</bean>

	<bean id="in" class="com.cognizant.springlearn.Country"
		scope="prototype">

		<property name="code" value="IN" />

		<property name="name" value="India" />

	</bean>

	<bean id="us" class="com.cognizant.springlearn.Country"
		scope="prototype">

		<property name="code" value="US" />

		<property name="name" value="United States" />

	</bean>

	<bean id="de" class="com.cognizant.springlearn.Country"
		scope="prototype">

		<property name="code" value="DE" />

		<property name="name" value="GERMANY" />

	</bean>
	<bean id="jp" class="com.cognizant.springlearn.Country"
		scope="prototype">

		<property name="code" value="JP" />

		<property name="name" value="JAPAN" />

	</bean>



	<bean id="countryList" class="java.util.ArrayList" >

		<constructor-arg>

			<list>

				<ref bean="in"></ref>

				<ref bean="us"></ref>

				<ref bean="de"></ref>

				<ref bean="jp"></ref>

			</list>

		</constructor-arg>

	</bean>

</beans>

<!-- US United States DE Germany IN India JP Japan -->